siteID,Park,xcoord,ycoord,mdcaty,panel,wgt,lake_id,lake_area,lake_perim
S001-Out,SEKI,367530.5077,4093892.54,3,Panel_1,21.45454545,10291,39427.5,1295
S002-Out,SEKI,346972.7465,4112852.917,3,Panel_1,21.45454545,10061,102212,2495
S003-Out,SEKI,360485.0803,4037358.207,1,Panel_1,2.8,20012,79912.3,1371
S004-Out,SEKI,349828.7013,4052110.235,1,Panel_1,2.8,20269,15567.6,549
S005-Out,SEKI,360792.079,4086801.178,4,Panel_1,24.57142857,10547,36227,825
S006-Out,SEKI,347041.9013,4101899.787,6,Panel_2,21.33333333,10161,21867.2,589
S007-Out,SEKI,385954.4728,4043798.59,3,Panel_2,21.45454545,20078,172077,2112
S008-Out,SEKI,373450.7546,4068171.804,2,Panel_2,4.846153846,10454,17445.5,561
S009-Out,SEKI,360723.1753,4106526.449,2,Panel_2,4.846153846,10214,37987,1196
S010-Out,SEKI,355476.78,4029431.006,2,Panel_2,4.846153846,20037,10838.9,407
S011-Out,SEKI,370678.6927,4051762.757,6,Panel_2,21.33333333,20169,102109,1552
S012-Out,SEKI,374456.832,4059695.922,4,Panel_2,24.57142857,20230,10391.4,424
S013-Out,SEKI,348773.9394,4116650.776,2,Panel_2,4.846153846,10041,17635.6,787
S014-Out,SEKI,346272.3086,4083889.544,4,Panel_2,24.57142857,10593,71459.1,1324
S015-Out,SEKI,355318.3521,4031673.213,1,Panel_2,2.8,20041,15286.8,540
S016-Out,SEKI,371301.8329,4083670.512,3,Panel_2,21.45454545,10343,12559.6,483
S017-Out,SEKI,368889.9373,4097801.26,3,Panel_3,21.45454545,10272,40980.2,1338
S018-Out,SEKI,349159.3927,4111198.837,3,Panel_3,21.45454545,10511,17973.8,898
S019-Out,SEKI,360942.1668,4036964.883,2,Panel_3,4.846153846,20382,35070.4,735
S020-Out,SEKI,346743.0753,4058212.006,2,Panel_3,4.846153846,20001,51588.2,905
S021-Out,SEKI,359686.7779,4090199.01,4,Panel_3,24.57142857,10532,10626.8,532
S022-Out,SEKI,346479.4221,4104358.637,6,Panel_3,21.33333333,10129,18145.3,638
S023-Out,SEKI,363299.4485,4046925.253,4,Panel_3,24.57142857,20059,53798.1,1020
S024-Out,SEKI,376304.4969,4069918.456,1,Panel_3,2.8,10451,13798.5,492
S025-Out,SEKI,362915.2972,4108500.935,1,Panel_3,2.8,10220,12649.7,445
S026-Out,SEKI,350269.8602,4025111.1,2,Panel_3,4.846153846,20298,14613.1,504
S027-Out,SEKI,366488.6706,4045136.464,6,Panel_3,21.33333333,20259,31226.4,881
S028-Out,SEKI,376904.0391,4059978.772,4,Panel_4,24.57142857,20240,64522.7,1143
S029-Out,SEKI,339565.2229,4114392.008,3,Panel_4,21.45454545,10012,25029.1,743
S030-Out,SEKI,347207.5121,4060304.976,1,Panel_4,2.8,10687,18971,633
S031-Out,SEKI,357814.3612,4052347.39,3,Panel_4,21.45454545,20008,35743.3,879
S032-Out,SEKI,377673.7317,4081316.279,3,Panel_4,21.45454545,10357,40540.5,1276
S033-Out,SEKI,367309.9552,4091976.547,3,Panel_4,21.45454545,10295,50315.8,942
S034-Out,SEKI,354691.7723,4104919.942,5,Panel_4,24.2,10147,36244.8,807
S035-Out,SEKI,363862.1758,4038755.818,3,Panel_4,21.45454545,20367,36938.8,1021
S036-Out,SEKI,364687.7547,4065948.229,3,Panel_4,21.45454545,10638,101797,1373
S037-Out,SEKI,370850.9014,4101667.288,5,Panel_4,24.2,10515,60811.5,1261
S038-Out,SEKI,386563.9239,4044724.779,3,Panel_4,21.45454545,20081,17206.9,501
S039-Out,SEKI,364086.699,4048635.721,5,Panel_5,24.2,20251,42399.8,803
S040-Out,SEKI,372682.0972,4070984.912,2,Panel_5,4.846153846,10447,96231.8,1469
S041-Out,SEKI,373230.9337,4092091.495,2,Panel_5,4.846153846,10308,40073,1003
S042-Out,SEKI,355550.6329,4080907.658,3,Panel_5,21.45454545,10462,208290,2572
S043-Out,SEKI,381447.7036,4050627.729,5,Panel_5,24.2,20106,15641.1,665
S044-Out,SEKI,369414.0316,4075828.825,4,Panel_5,24.57142857,10391,95833.3,1390
S045-Out,SEKI,344048.2716,4112394.592,4,Panel_5,24.57142857,10024,63869.8,1260
S046-Out,SEKI,364076.9102,4034665.855,3,Panel_5,21.45454545,20376,16919.9,547
S047-Out,SEKI,352210.7399,4052789.74,2,Panel_5,4.846153846,20015,13970.1,477
S048-Out,SEKI,374447.9169,4072716.1,3,Panel_5,21.45454545,10439,15585.7,504
S049-Out,SEKI,370144.9149,4088550.993,3,Panel_5,21.45454545,10303,10237.8,415
S050-Out,SEKI,354287.2249,4103436.315,6,OverSamp,21.33333333,10150,16000.4,541
S051-Out,SEKI,360321.7567,4044132.817,4,OverSamp,24.57142857,20352,16257.4,481
S052-Out,SEKI,372212.1197,4059323.741,5,OverSamp,24.2,20217,12548.3,734
S053-Out,SEKI,362612.5336,4106830.207,2,OverSamp,4.846153846,10217,47744.8,1270
S054-Out,SEKI,366639.8045,4025318.679,4,OverSamp,24.57142857,20277,16025.5,517
S055-Out,SEKI,370692.7994,4055167.592,5,OverSamp,24.2,20190,51718.2,1035
S056-Out,SEKI,376770.1056,4069043.171,1,OverSamp,2.8,10453,44037.1,1235
S057-Out,SEKI,351377.1533,4115796.989,2,OverSamp,4.846153846,10047,11304.3,717
S058-Out,SEKI,355681.318,4085168.101,3,OverSamp,21.45454545,10564,16449,512
S059-Out,SEKI,377510.6183,4054923.378,4,OverSamp,24.57142857,20133,27668.1,701
S060-Out,SEKI,368806.0802,4074090.188,3,OverSamp,21.45454545,10384,14890.2,488
S061-Out,SEKI,349829.5918,4096408.58,6,OverSamp,21.33333333,10187,67547.7,1175
S062-Out,SEKI,361863.6391,4033353.184,2,OverSamp,4.846153846,20342,29176.6,682
S063-Out,SEKI,353477.0324,4051825.384,2,OverSamp,4.846153846,20262,320354,3479
S064-Out,SEKI,374977.9702,4074494.036,3,OverSamp,21.45454545,10432,233675,3612
S065-Out,SEKI,367303.3361,4094051.047,3,OverSamp,21.45454545,10290,15068.5,486
S066-Out,SEKI,346622.2224,4110119.365,4,OverSamp,24.57142857,10085,64558.5,1247
S067-Out,SEKI,360020.2093,4035067.625,1,OverSamp,2.8,20095,54996.5,889
S068-Out,SEKI,349045.4445,4051944.38,1,OverSamp,2.8,20270,18308.8,584
S069-Out,SEKI,361406.5038,4088525.441,4,OverSamp,24.57142857,10542,37410.3,788
S070-Out,SEKI,346954.6012,4100430.376,6,OverSamp,21.33333333,10165,33136.6,1039
S071-Out,SEKI,386347.2154,4040628.727,2,OverSamp,4.846153846,20068,48941.7,1144
S072-Out,SEKI,374212.0773,4067288.916,2,OverSamp,4.846153846,10469,17914,748
S073-Out,SEKI,360642.3179,4105773.074,2,OverSamp,4.846153846,10208,11127,391
S074-Out,SEKI,355990.3304,4031186.831,1,OverSamp,2.8,20039,72809.7,1466
S075-Out,SEKI,372169.926,4045211.884,6,OverSamp,21.33333333,20139,15661.4,476
S076-Out,SEKI,373738.3147,4060483.09,4,OverSamp,24.57142857,20228,59873.6,1667
S077-Out,SEKI,345357.5537,4120320.479,3,OverSamp,21.45454545,10028,16531.8,518
S078-Out,SEKI,348113.5817,4083253.246,3,OverSamp,21.45454545,10592,17318.7,545
S079-Out,SEKI,355637.1232,4033090.695,1,OverSamp,2.8,20043,16916,507
S080-Out,SEKI,370594.1014,4085648.665,4,OverSamp,24.57142857,10341,23974.2,699
S081-Out,SEKI,366912.1407,4097609.152,5,OverSamp,24.2,10269,137772,1792
S082-Out,SEKI,350776.4824,4112297.331,3,OverSamp,21.45454545,10076,12899.2,654
S083-Out,SEKI,361029.8152,4036289.505,1,OverSamp,2.8,20097,165850,1886
S084-Out,SEKI,346690.6695,4058491.497,1,OverSamp,2.8,20000,10236.9,562
S085-Out,SEKI,360385.222,4089985.677,4,OverSamp,24.57142857,10535,12643.8,469
S086-Out,SEKI,348986.2202,4106875.589,5,OverSamp,24.2,10131,18229.9,576
S087-Out,SEKI,359005.6642,4047438.467,4,OverSamp,24.57142857,20031,162195,1702
S088-Out,SEKI,376414.614,4072584.522,3,OverSamp,21.45454545,10436,21176.3,723
S089-Out,SEKI,373381.1552,4094914.681,2,OverSamp,4.846153846,10306,11707.9,473
S090-Out,SEKI,358693.2811,4079553.058,2,OverSamp,4.846153846,10458,11699.3,401
S091-Out,SEKI,365774.3104,4049831.376,6,OverSamp,21.33333333,20256,95889.3,1294
S092-Out,SEKI,369637.9225,4078902.996,4,OverSamp,24.57142857,10371,28219.2,701
S093-Out,SEKI,344236.9908,4114978.85,3,OverSamp,21.45454545,10020,126635,2238
S094-Out,SEKI,347602.1442,4060037.542,2,OverSamp,4.846153846,10685,44806.7,876
S095-Out,SEKI,352596.0839,4056834.611,3,OverSamp,21.45454545,10670,37139.1,981
S096-Out,SEKI,377967.8314,4079712.254,3,OverSamp,21.45454545,10358,14537.1,550
S097-Out,SEKI,372092.247,4090804.664,3,OverSamp,21.45454545,10311,16226.5,658
S098-Out,SEKI,352395.9601,4105300.547,5,OverSamp,24.2,10140,16431.8,705
S099-Out,SEKI,362292.4686,4039448.265,2,OverSamp,4.846153846,20368,86699.6,1492
S100-Out,SEKI,364030.4377,4067046.794,2,OverSamp,4.846153846,10635,23381.7,591
S101-Out,SEKI,362771.332,4103855.72,3,OverSamp,21.45454545,10206,29261.7,762
S102-Out,SEKI,360411.7655,4030768.887,2,OverSamp,4.846153846,20019,67196.8,1040
S103-Out,SEKI,371786.3063,4058293.366,4,OverSamp,24.57142857,20208,88347.3,1751
S104-Out,SEKI,375634.6984,4070135.455,1,OverSamp,2.8,10449,10016.6,562
S105-Out,SEKI,373339.5328,4090451.244,3,OverSamp,21.45454545,10318,37402.8,759
S106-Out,SEKI,354580.9767,4083632.252,3,OverSamp,21.45454545,10573,106787,1405
S107-Out,SEKI,380861.2009,4050949.963,5,OverSamp,24.2,20107,18705.2,795
S108-Out,SEKI,370262.9602,4075776.726,4,OverSamp,24.57142857,10394,21110.5,936
S109-Out,SEKI,347427.5363,4098756.742,6,OverSamp,21.33333333,10802,24844.6,814
S110-Out,SEKI,359975.6107,4034086.002,1,OverSamp,2.8,20093,40361.7,778
S111-Out,SEKI,353218.289,4053543.925,2,OverSamp,4.846153846,20005,13007.6,460
S112-Out,SEKI,374126.9447,4072901.919,2,OverSamp,4.846153846,10440,11458.8,455
S113-Out,SEKI,365661.5856,4098703.497,5,OverSamp,24.2,10232,238544,2195
S114-Out,SEKI,355675.5911,4106062.354,4,OverSamp,24.57142857,10192,21808.4,674
S115-Out,SEKI,364182.3033,4044288.744,4,OverSamp,24.57142857,20054,11829.7,462
S116-Out,SEKI,366038.4839,4062664.84,5,OverSamp,24.2,10625,16717.9,503
S117-Out,SEKI,362361.1422,4106388.442,2,OverSamp,4.846153846,10216,37024.2,1078
S118-Out,SEKI,353075.7183,4019461.168,2,OverSamp,4.846153846,20293,17505.5,563
S119-Out,SEKI,361082.7495,4057972.055,5,OverSamp,24.2,10644,29233.5,815
S120-Out,SEKI,378762.167,4062478.076,3,OverSamp,21.45454545,10483,84415.5,1174
S121-Out,SEKI,351072.3009,4116813.821,2,OverSamp,4.846153846,10045,35290.3,907
S122-Out,SEKI,357445.0142,4083217.676,3,OverSamp,21.45454545,10570,28173.7,886
S123-Out,SEKI,379528.259,4053862.083,5,OverSamp,24.2,20119,16558.2,515
S124-Out,SEKI,361056.421,4082966.919,3,OverSamp,21.45454545,10552,17210.1,900
S125-Out,SEKI,350004.7083,4097454.139,6,OverSamp,21.33333333,10185,32733.8,812
S126-Out,SEKI,360278.7987,4031543.14,1,OverSamp,2.8,20018,111276,1573
S127-Out,SEKI,350102.7866,4051527.718,1,OverSamp,2.8,20268,23969.1,617
S128-Out,SEKI,373685.6156,4075154.339,3,OverSamp,21.45454545,10417,18614.6,545
S129-Out,SEKI,371637.8847,4099005.438,3,OverSamp,21.45454545,10274,219329,2231
S130-Out,SEKI,347185.4715,4110511.302,4,OverSamp,24.57142857,10083,438534,4728
S131-Out,SEKI,359704.69,4035363.827,1,OverSamp,2.8,20096,10329.2,408
S132-Out,SEKI,350864.3628,4051928.454,1,OverSamp,2.8,20267,70274.2,1241
S133-Out,SEKI,362555.7299,4090736.068,5,OverSamp,24.2,10504,31607.6,842
S134-Out,SEKI,347065.0896,4102438.392,6,OverSamp,21.33333333,10159,39416.7,902
S135-Out,SEKI,385090.4765,4039754.086,2,OverSamp,4.846153846,20067,12915.4,456
S136-Out,SEKI,372730.1465,4066091.509,3,OverSamp,21.45454545,10600,44123.2,866
S137-Out,SEKI,359410.0021,4104088.803,4,OverSamp,24.57142857,10195,14769.1,488
S138-Out,SEKI,356619.923,4030535.65,1,OverSamp,2.8,20038,12314.2,466
S139-Out,SEKI,370201.6956,4045448.348,6,OverSamp,21.33333333,20141,59891.2,1033
S140-Out,SEKI,377173.9473,4061509.396,3,OverSamp,21.45454545,20237,10520.8,472
S141-Out,SEKI,349293.5628,4117909.374,2,OverSamp,4.846153846,10035,269367,2786
S142-Out,SEKI,353566.0311,4060124.061,3,OverSamp,21.45454545,10665,14516.8,490
S143-Out,SEKI,355536.5478,4032264.776,1,OverSamp,2.8,20042,21071.6,657
S144-Out,SEKI,376451.2147,4083549.625,3,OverSamp,21.45454545,10351,40360.7,961
S145-Out,SEKI,371340.275,4096539.111,3,OverSamp,21.45454545,10279,12363.8,598
S146-Out,SEKI,351164.8451,4113633.945,4,OverSamp,24.57142857,10073,149705,1792
S147-Out,SEKI,367958.8452,4043772.307,6,OverSamp,21.33333333,20362,27659.9,674
S148-Out,SEKI,364993.9626,4065367.175,3,OverSamp,21.45454545,10631,13987.1,587
S149-Out,SEKI,368833.9986,4101726.876,4,OverSamp,24.57142857,10254,112140,2284
S150-Out,SEKI,351892.7409,4106604.453,5,OverSamp,24.2,10133,29280.8,972
S151-Out,SEKI,361631.0969,4047255.465,3,OverSamp,21.45454545,20027,64347.3,1314
S152-Out,SEKI,373671.736,4071829.249,2,OverSamp,4.846153846,10446,10673.4,429
S153-Out,SEKI,373866.6132,4086839.444,4,OverSamp,24.57142857,10518,13644.3,465
S154-Out,SEKI,358315.6531,4080333.75,2,OverSamp,4.846153846,10460,75618,1219
S155-Out,SEKI,382473.6572,4048022.42,3,OverSamp,21.45454545,20091,60302.8,1574
S156-Out,SEKI,369607.788,4078380.68,4,OverSamp,24.57142857,10373,35984.7,944
S157-Out,SEKI,338051.2888,4117872.133,4,OverSamp,24.57142857,10004,44594.6,793
S158-Out,SEKI,348454.7035,4059172.447,2,OverSamp,4.846153846,10684,38551.7,895
S159-Out,SEKI,353667.1793,4054692.126,2,OverSamp,4.846153846,20004,69121,1847
S160-Out,SEKI,374427.5293,4086389.174,3,OverSamp,21.45454545,10331,19049.1,620
S161-Out,SEKI,369712.3647,4090154.389,3,OverSamp,21.45454545,10300,340364,3204
S162-Out,SEKI,352546.9832,4106717.179,5,OverSamp,24.2,10134,124274,1612
S163-Out,SEKI,361939.622,4038939.313,2,OverSamp,4.846153846,20369,41694.8,954
S164-Out,SEKI,371107.1659,4065444.336,3,OverSamp,21.45454545,10601,125046,1580
S165-Out,SEKI,363209.4539,4106964.585,2,OverSamp,4.846153846,10218,160690,2224
S166-Out,SEKI,364581.6597,4030632.322,2,OverSamp,4.846153846,20020,58069.6,1095
S167-Out,SEKI,372378.2742,4056840.719,4,OverSamp,24.57142857,20201,13007.4,489
S168-Out,SEKI,374713.0006,4070428.102,1,OverSamp,2.8,10448,84648.1,1373
S169-Out,SEKI,373609.0227,4089994.021,3,OverSamp,21.45454545,10319,40561.4,1019
S170-Out,SEKI,354813.7478,4080798.176,3,OverSamp,21.45454545,10577,21037.4,734
S171-Out,SEKI,373759.2248,4054266.43,4,OverSamp,24.57142857,20205,15804.7,482
S172-Out,SEKI,371115.6133,4074358.562,3,OverSamp,21.45454545,10398,49740.1,1251
S173-Out,SEKI,346040.822,4097905.911,5,OverSamp,24.2,10174,21700.2,680
S174-Out,SEKI,362213.1702,4032228.429,2,OverSamp,4.846153846,20344,102821,1487
S175-Out,SEKI,354435.5821,4053359.62,2,OverSamp,4.846153846,20006,13244.4,554
S176-Out,SEKI,374090.4316,4073037.24,2,OverSamp,4.846153846,10441,10521.7,802
S177-Out,SEKI,362944.4828,4099394.409,5,OverSamp,24.2,10250,23560.7,701
S178-Out,SEKI,353879.182,4109012.617,3,OverSamp,21.45454545,10102,15183.2,579
S179-Out,SEKI,382636.6372,4044456.616,4,OverSamp,24.57142857,20085,10565.1,564
S180-Out,SEKI,368234.8972,4061577.955,4,OverSamp,24.57142857,10611,11258.1,472
S181-Out,SEKI,360926.2191,4103822.935,4,OverSamp,24.57142857,10203,20957.5,823
S182-Out,SEKI,357194.8544,4019413.459,3,OverSamp,21.45454545,20302,15660.9,479
S183-Out,SEKI,359462.3112,4057387.685,4,OverSamp,24.57142857,10659,21201.5,577
S184-Out,SEKI,376938.8455,4063386.034,3,OverSamp,21.45454545,10801,26681.1,671
S185-Out,SEKI,350623.894,4116861.023,2,OverSamp,4.846153846,10044,71883.4,1185
S186-Out,SEKI,357280.4311,4078311.268,2,OverSamp,4.846153846,10455,13551.1,574
S187-Out,SEKI,379665.5342,4054890.522,4,OverSamp,24.57142857,20124,21622.8,1050
S188-Out,SEKI,360583.5641,4085037.309,4,OverSamp,24.57142857,10549,28447.1,618
S189-Out,SEKI,357997.5014,4099838.666,5,OverSamp,24.2,10202,12555.3,687
S190-Out,SEKI,364182.5833,4037750.811,3,OverSamp,21.45454545,20374,18120.8,698
S191-Out,SEKI,348817.2075,4058581.795,2,OverSamp,4.846153846,10682,20587.2,583
S192-Out,SEKI,372786.8658,4075039.445,3,OverSamp,21.45454545,10418,66835.3,1427
S193-Out,SEKI,372369.5253,4097974.582,4,OverSamp,24.57142857,10275,73828.4,1447
S194-Out,SEKI,345620.0102,4108700.293,4,OverSamp,24.57142857,10109,13141.2,449
S195-Out,SEKI,360675.1836,4036423.787,1,OverSamp,2.8,20381,12125.1,431
S196-Out,SEKI,347881.2724,4055838.08,2,OverSamp,4.846153846,20003,10783.3,468
S197-Out,SEKI,363210.5944,4089050.714,5,OverSamp,24.2,10539,12114.3,431
S198-Out,SEKI,347113.7429,4106719.436,5,OverSamp,24.2,10116,13074.7,566
S199-Out,SEKI,359950.1518,4049552.57,4,OverSamp,24.57142857,20345,74566.6,1260
S200-Out,SEKI,376358.7689,4070157.161,1,OverSamp,2.8,10452,12817.4,484
S201-Out,SEKI,362194.09,4107356.984,2,OverSamp,4.846153846,10219,42812.2,1533
S202-Out,SEKI,350502.7435,4024525.468,2,OverSamp,4.846153846,20301,20872.6,1057
S203-Out,SEKI,371148.7386,4047015.721,6,OverSamp,21.33333333,20151,39985.1,835
S204-Out,SEKI,378180.4169,4060422.304,3,OverSamp,21.45454545,20241,131065,1601
S205-Out,SEKI,345074.5688,4115434.685,3,OverSamp,21.45454545,10052,44810.1,1143
S206-Out,SEKI,346678.2869,4059649.838,2,OverSamp,4.846153846,10686,10637.8,588
S207-Out,SEKI,356520.2089,4055249.846,3,OverSamp,21.45454545,10673,39587.3,1026
S208-Out,SEKI,377080.9642,4083584.1,3,OverSamp,21.45454545,10353,11801.7,553
S209-Out,SEKI,369863.2568,4094888.393,3,OverSamp,21.45454545,10285,15996.9,559
S210-Out,SEKI,349647.1887,4109658.732,4,OverSamp,24.57142857,10090,716908,6596
S211-Out,SEKI,362562.6837,4040014.75,2,OverSamp,4.846153846,20051,25853.3,644
S212-Out,SEKI,365132.7545,4062879.3,4,OverSamp,24.57142857,10627,102744,1363
S213-Out,SEKI,370545.0701,4102242.051,4,OverSamp,24.57142857,10258,33166.1,1024
S214-Out,SEKI,349139.5876,4101356.944,6,OverSamp,21.33333333,10157,42699.9,1138
S215-Out,SEKI,362646.399,4049092.592,4,OverSamp,24.57142857,20025,25347.9,608
S216-Out,SEKI,373933.7213,4072182.006,2,OverSamp,4.846153846,10445,12282.2,423
S217-Out,SEKI,374653.863,4087116.463,3,OverSamp,21.45454545,10330,32733.7,720
S218-Out,SEKI,357475.0716,4080960.62,2,OverSamp,4.846153846,10461,11177.8,561
S219-Out,SEKI,380979.7995,4047687.127,3,OverSamp,21.45454545,20092,23556.2,872
S220-Out,SEKI,372356.5018,4076710.644,3,OverSamp,21.45454545,10408,18749.2,753
S221-Out,SEKI,344486.3141,4098849.055,5,OverSamp,24.2,10175,22966,618
S222-Out,SEKI,346393.3148,4061084.134,1,OverSamp,2.8,10689,41780.7,782
S223-Out,SEKI,352722.0146,4052552.177,2,OverSamp,4.846153846,20014,22012.1,770
S224-Out,SEKI,377524.9678,4078807.562,2,OverSamp,4.846153846,10359,164918,1800
S225-Out,SEKI,371458.5483,4089289.566,3,OverSamp,21.45454545,10298,16328.1,495
S226-Out,SEKI,356067.0702,4101476.318,5,OverSamp,24.2,10198,22162.6,789
S227-Out,SEKI,360145.2432,4043288.984,3,OverSamp,21.45454545,20353,34006.8,692
S228-Out,SEKI,371730.6781,4061719.605,4,OverSamp,24.57142857,10603,11714.6,717
S229-Out,SEKI,363664.2568,4105427.606,3,OverSamp,21.45454545,10223,40330.7,935
S230-Out,SEKI,368877.2436,4025065.324,5,OverSamp,24.2,20280,18421.5,796
S231-Out,SEKI,367589.4928,4053607.246,6,OverSamp,21.33333333,20184,13002.4,427
S232-Out,SEKI,376034.1777,4069702.487,1,OverSamp,2.8,10450,71341.1,1504
S233-Out,SEKI,351501.9075,4116575.285,2,OverSamp,4.846153846,10046,22672,576
S234-Out,SEKI,354554.0964,4082415.055,3,OverSamp,21.45454545,10575,17918.9,512
S235-Out,SEKI,374508.21,4057153.199,4,OverSamp,24.57142857,20206,84993.4,1191
S236-Out,SEKI,368249.8466,4075869.473,4,OverSamp,24.57142857,10387,15599.7,557
S237-Out,SEKI,345124.936,4096564.001,5,OverSamp,24.2,10178,11071.4,402
S238-Out,SEKI,360899.7555,4034519.011,2,OverSamp,4.846153846,20379,120546,1372
S239-Out,SEKI,353896.4426,4050821.656,3,OverSamp,21.45454545,20261,22905.5,601
S240-Out,SEKI,373378.2989,4073760.019,3,OverSamp,21.45454545,10424,10994.5,412
S241-Out,SEKI,364467.7421,4097067.389,6,OverSamp,21.33333333,10238,19079.9,778
S242-Out,SEKI,352407.4783,4107810.952,4,OverSamp,24.57142857,10135,64278.1,1289
S243-Out,SEKI,385719.0409,4042510.308,3,OverSamp,21.45454545,20071,51051.2,945
S244-Out,SEKI,366442.6584,4061783.744,6,OverSamp,21.33333333,10624,150853,1842
S245-Out,SEKI,361662.2805,4105556.053,2,OverSamp,4.846153846,10210,16735.6,716
S246-Out,SEKI,354991.8778,4031204.102,1,OverSamp,2.8,20040,33516.1,1149
S247-Out,SEKI,360017.7561,4056736.768,5,OverSamp,24.2,10657,22244,672
S248-Out,SEKI,373256.9004,4064430.469,4,OverSamp,24.57142857,10598,16377.9,468
S249-Out,SEKI,350305.6033,4116960.743,2,OverSamp,4.846153846,10043,20119.4,606
S250-Out,SEKI,357000.3795,4079125.785,2,OverSamp,4.846153846,10457,21555,647
S251-Out,SEKI,378212.5871,4050513.193,4,OverSamp,24.57142857,20111,19694,610
S252-Out,SEKI,360526.5367,4083028.437,3,OverSamp,21.45454545,10553,47186.9,944
S253-Out,SEKI,346495.3824,4112918.328,3,OverSamp,21.45454545,10060,33432.3,1138
S254-Out,SEKI,365750.2086,4037719.338,2,OverSamp,4.846153846,20365,11318.9,406
S255-Out,SEKI,349326.7133,4057470.111,2,OverSamp,4.846153846,10680,16071,531
S256-Out,SEKI,373223.6486,4077205.463,3,OverSamp,21.45454545,10402,53836.5,2023
S257-Out,SEKI,365268.9644,4094932.539,4,OverSamp,24.57142857,10491,11554.3,435
S258-Out,SEKI,356379.3765,4111258.543,3,OverSamp,21.45454545,10509,21938.2,837
S259-Out,SEKI,383125.1053,4043141.539,4,OverSamp,24.57142857,20314,47804.7,964
S260-Out,SEKI,368462.111,4059892.229,5,OverSamp,24.2,10608,15227.1,481
S261-Out,SEKI,361545.3286,4105833.928,2,OverSamp,4.846153846,10211,20362.2,1022
S262-Out,SEKI,356637.6721,4028715.268,2,OverSamp,4.846153846,20036,18005.6,558
S263-Out,SEKI,364720.1516,4054696.706,5,OverSamp,24.2,10651,88374.1,1807
S264-Out,SEKI,372732.2359,4061582.776,5,OverSamp,24.2,20226,30109.5,869
S265-Out,SEKI,349921.2741,4116914.856,2,OverSamp,4.846153846,10042,84376.6,1497
S266-Out,SEKI,349312.64,4083945.014,4,OverSamp,24.57142857,10586,20573.2,533
S267-Out,SEKI,354516.3957,4032387.729,1,OverSamp,2.8,20044,11777.7,512
S268-Out,SEKI,368201.8424,4085988.556,4,OverSamp,24.57142857,10692,10354.9,707
S269-Out,SEKI,348342.7387,4111134.012,3,OverSamp,21.45454545,10068,13029.9,528
S270-Out,SEKI,362497.9396,4037722.019,3,OverSamp,21.45454545,20373,28717.4,860
S271-Out,SEKI,349450.6937,4056742.633,2,OverSamp,4.846153846,10679,32282.1,926
S272-Out,SEKI,376376.4724,4073663.315,3,OverSamp,21.45454545,10434,95529.8,1378
Y001-Out,YOSE,303562.8931,4190559.064,1,Panel_1,10.2,70579,57209,1084
Y002-Out,YOSE,299668.8782,4200048.474,1,Panel_1,10.2,70592,64913,1365
Y003-Out,YOSE,277537.7605,4197878.359,2,Panel_1,7.714285714,70415,22664,628
Y004-Out,YOSE,289840.5135,4168926.525,4,Panel_2,15.75,70719,163118,2131
Y005-Out,YOSE,271742.5597,4220597.887,6,Panel_2,26.5,70672,585640,8002
Y006-Out,YOSE,296669.2441,4187239.799,2,Panel_2,7.714285714,70397,20613,655
Y007-Out,YOSE,270111.0932,4210333.144,6,Panel_2,26.5,70434,24199,898
Y008-Out,YOSE,287720.935,4173369.802,6,Panel_2,26.5,70477,29353,781
Y009-Out,YOSE,256788.8912,4214475.083,5,Panel_2,16,70607,78422,1444
Y010-Out,YOSE,283456.5069,4189939.05,1,Panel_3,10.2,70674,719904,4292
Y011-Out,YOSE,274831.1406,4207034.236,4,Panel_3,15.75,70547,46606,1196
Y012-Out,YOSE,300193.7867,4181260.416,3,Panel_3,11,70315,14621,511
Y013-Out,YOSE,262312.3997,4211474.271,3,Panel_3,11,70288,13013,498
Y014-Out,YOSE,279261.7465,4196424.295,3,Panel_3,11,70276,12529,432
Y015-Out,YOSE,292902.0368,4207218.864,4,Panel_3,15.75,70255,11244,431
Y016-Out,YOSE,274920.6847,4167212.315,2,Panel_4,7.714285714,70631,105842,1306
Y017-Out,YOSE,302942.3834,4189358.42,2,Panel_4,7.714285714,70561,50070,1061
Y018-Out,YOSE,299007.2238,4198197.272,1,Panel_4,10.2,70527,41486,1019
Y019-Out,YOSE,263836.1703,4214915.614,5,Panel_4,16,70625,101622,1387
Y020-Out,YOSE,285535.2345,4171995.526,3,Panel_4,11,70274,12457,410
Y021-Out,YOSE,276861.8963,4221514.429,6,Panel_4,26.5,70629,103755,1481
Y022-Out,YOSE,292022.6008,4183728.665,2,Panel_5,7.714285714,70239,10618,474
Y023-Out,YOSE,280325.1682,4217173.418,3,Panel_5,11,70576,55976,1137
Y024-Out,YOSE,284330.7565,4174596.074,3,Panel_5,11,70712,10544,389
Y025-Out,YOSE,254690.6683,4218806.835,3,Panel_5,11,70399,21066,665
Y026-Out,YOSE,284111.0761,4186919.935,1,Panel_5,10.2,70464,27492,648
Y027-Out,YOSE,286575.5112,4202326.238,3,Panel_5,11,70449,26088,681
Y028-Out,YOSE,295857.9262,4180167.065,4,OverSamp,15.75,70347,16710,475
Y029-Out,YOSE,253614.4772,4215044.25,3,OverSamp,11,70595,69152,1328
Y030-Out,YOSE,278292.8364,4196943.47,2,OverSamp,7.714285714,70530,42048,834
Y031-Out,YOSE,294978.9375,4201228.474,2,OverSamp,7.714285714,70618,94037,1694
Y032-Out,YOSE,281792.6034,4165639.965,4,OverSamp,15.75,70531,42460,851
Y033-Out,YOSE,304634.9507,4187297.402,3,OverSamp,11,70293,13359,435
Y034-Out,YOSE,297076.3407,4184879.737,3,OverSamp,11,70669,429115,2552
Y035-Out,YOSE,266032.5666,4214538.301,4,OverSamp,15.75,70301,13997,504
Y036-Out,YOSE,283857.3722,4167155.26,2,OverSamp,7.714285714,70500,34203,924
Y037-Out,YOSE,251446.3724,4204069.961,1,OverSamp,10.2,70594,66493,1024
Y038-Out,YOSE,294668.0255,4185565.29,2,OverSamp,7.714285714,70599,73049,1385
Y039-Out,YOSE,278245.6948,4213111.737,3,OverSamp,11,70223,10181,533
Y040-Out,YOSE,295455.7836,4173861.138,4,OverSamp,15.75,70425,23067,792
Y041-Out,YOSE,254169.2435,4216647.386,4,OverSamp,15.75,70552,47270,2078
Y042-Out,YOSE,291480.6747,4191280.328,1,OverSamp,10.2,70630,105160,1670
Y043-Out,YOSE,282987.2216,4216848.454,4,OverSamp,15.75,70642,143501,3210
Y044-Out,YOSE,287476.32,4160757.024,1,OverSamp,10.2,70589,64073,1362
Y045-Out,YOSE,251233.615,4219296.791,2,OverSamp,7.714285714,70335,15832,703
Y046-Out,YOSE,278098.6115,4193096.597,2,OverSamp,7.714285714,70220,10112,486
Y047-Out,YOSE,293262.2121,4213656.384,2,OverSamp,7.714285714,70619,94296,1170
Y048-Out,YOSE,267584.1497,4173803.948,1,OverSamp,10.2,70725,13982,548
Y049-Out,YOSE,302407.8625,4182815.801,3,OverSamp,11,70344,16265,496
Y050-Out,YOSE,292705.4274,4189562.592,1,OverSamp,10.2,70483,30226,692
Y051-Out,YOSE,267133.6794,4218969.778,6,OverSamp,26.5,70624,100195,3314
Y052-Out,YOSE,295942.3729,4171525.982,4,OverSamp,15.75,70394,20408,535
Y053-Out,YOSE,261368.985,4215396.869,3,OverSamp,11,70311,14330,564
Y054-Out,YOSE,294551.3197,4182437.095,2,OverSamp,7.714285714,70620,94543,1314
Y055-Out,YOSE,282043.8513,4207939.842,6,OverSamp,26.5,70331,15583,479
Y056-Out,YOSE,299332.3287,4176924.728,6,OverSamp,26.5,70279,12647,531
Y057-Out,YOSE,260418.353,4214145.063,3,OverSamp,11,70368,17812,668
Y058-Out,YOSE,269687.5396,4196838.218,1,OverSamp,10.2,70352,16961,580
Y059-Out,YOSE,298037.7958,4201497.64,2,OverSamp,7.714285714,70686,21871,712
Y060-Out,YOSE,264580.496,4170737.574,1,OverSamp,10.2,70417,22704,862
Y061-Out,YOSE,283974.1156,4193256.94,1,OverSamp,10.2,70593,65243,1427
Y062-Out,YOSE,279997.1945,4193221.521,3,OverSamp,11,70264,11819,655
Y063-Out,YOSE,289828.5478,4170562.758,4,OverSamp,15.75,70278,12544,537
Y064-Out,YOSE,277691.424,4160860.237,2,OverSamp,7.714285714,70562,50165,964
Y065-Out,YOSE,269349.1006,4215771.505,5,OverSamp,16,70283,12912,500
Y066-Out,YOSE,284034.2927,4171038.992,3,OverSamp,11,70359,17383,547
Y067-Out,YOSE,267131.1931,4224297.919,3,OverSamp,11,70658,228405,2440
Y068-Out,YOSE,274317.0378,4215271.828,5,OverSamp,16,70652,201693,5050
Y069-Out,YOSE,286614.9774,4174914.289,5,OverSamp,16,70437,24532,627
Y070-Out,YOSE,256222.0697,4214263.985,5,OverSamp,16,70590,64424,1450
Y071-Out,YOSE,285104.6605,4188720,1,OverSamp,10.2,70544,45609,1158
Y072-Out,YOSE,299935.131,4177523.436,6,OverSamp,26.5,70445,25790,799
Y073-Out,YOSE,261796.02,4210922.754,2,OverSamp,7.714285714,70512,37961,1183
Y074-Out,YOSE,278971.4312,4197722.633,2,OverSamp,7.714285714,70615,90726,1148
Y075-Out,YOSE,293713.3199,4206808.684,4,OverSamp,15.75,70370,18206,578
Y076-Out,YOSE,302203.6198,4190062.273,2,OverSamp,7.714285714,70602,74064,1097
Y077-Out,YOSE,265508.3988,4213549.367,4,OverSamp,15.75,70395,20459,647
Y078-Out,YOSE,286755.5869,4166804.504,3,OverSamp,11,70563,50412,1472
Y079-Out,YOSE,273198.0661,4228553.56,3,OverSamp,11,70660,250314,3245
Y080-Out,YOSE,278661.5783,4214042.373,3,OverSamp,11,70247,10830,649
Y081-Out,YOSE,287357.9939,4179518.541,3,OverSamp,11,70659,247841,2247
Y082-Out,YOSE,254887.0955,4218516.437,3,OverSamp,11,70355,17011,773
Y083-Out,YOSE,289205.7039,4190941.57,1,OverSamp,10.2,70571,52043,1144
Y084-Out,YOSE,295379.8557,4178215.638,5,OverSamp,16,70309,14266,450
Y085-Out,YOSE,250297.8411,4215611.457,2,OverSamp,7.714285714,70670,479113,6221
Y086-Out,YOSE,277967.0786,4198244.067,2,OverSamp,7.714285714,70606,76402,1350
Y087-Out,YOSE,294407.7985,4201438.682,1,OverSamp,10.2,70416,22684,673
Y088-Out,YOSE,304183.8521,4187419.364,3,OverSamp,11,70556,48839,1298
Y089-Out,YOSE,268169.4502,4212638.075,5,OverSamp,16,70439,24967,918
Y090-Out,YOSE,297206.8224,4172232.114,4,OverSamp,15.75,70526,41112,895
Y091-Out,YOSE,251446.3724,4204069.961,1,OverSamp,10.2,70235,66493,1024
Y092-Out,YOSE,295644.9497,4184684.703,2,OverSamp,7.714285714,70385,19763,510
Y093-Out,YOSE,298304.2349,4175416.06,6,OverSamp,26.5,70509,36316,1204
Y094-Out,YOSE,258157.4043,4219625.22,4,OverSamp,15.75,70514,38595,1310
Y095-Out,YOSE,288885.3423,4187500.203,2,OverSamp,7.714285714,70537,44579,787
Y096-Out,YOSE,288783.6552,4161459.446,2,OverSamp,7.714285714,70636,115847,1322
Y097-Out,YOSE,253823.0523,4216069.213,4,OverSamp,15.75,70381,19177,939
Y098-Out,YOSE,279023.7161,4192213.598,2,OverSamp,7.714285714,70481,29802,906
Y099-Out,YOSE,296444.5659,4210438.305,2,OverSamp,7.714285714,70379,19138,576
Y100-Out,YOSE,305122.9288,4192051.607,1,OverSamp,10.2,70280,12659,459
Y101-Out,YOSE,268097.4018,4215165.54,5,OverSamp,16,70632,107682,2037
Y102-Out,YOSE,295458.9806,4171192.87,4,OverSamp,15.75,70307,14212,528
Y103-Out,YOSE,263231.9607,4219364.691,6,OverSamp,26.5,70529,41529,1545
Y104-Out,YOSE,295216.4639,4182894.338,3,OverSamp,11,70338,15992,667
Y105-Out,YOSE,296902.2452,4182021.051,3,OverSamp,11,70377,18895,625
Y106-Out,YOSE,260764.3026,4214394.086,3,OverSamp,11,70548,46615,1369
Y107-Out,YOSE,269849.6307,4193483.641,1,OverSamp,10.2,70515,38710,833
Y108-Out,YOSE,297247.3995,4201792.514,2,OverSamp,7.714285714,70491,32705,710
Y109-Out,YOSE,287825.9378,4195835.415,1,OverSamp,10.2,70219,10023,386
Y110-Out,YOSE,280014.858,4193617.717,2,OverSamp,7.714285714,70473,29019,725
Y111-Out,YOSE,288819.2969,4169804.498,4,OverSamp,15.75,70426,23248,754
Y112-Out,YOSE,303855.1599,4189358.974,1,OverSamp,10.2,70655,223126,1936
Y113-Out,YOSE,299954.364,4199568.469,1,OverSamp,10.2,70610,81429,2087
Y114-Out,YOSE,286590.4085,4168983.994,3,OverSamp,11,70600,73500,2001
Y115-Out,YOSE,265021.987,4220366.111,6,OverSamp,26.5,70558,49310,1282
Y116-Out,YOSE,293294.297,4186210.218,1,OverSamp,10.2,70493,32832,962
Y117-Out,YOSE,283508.6948,4176391.765,3,OverSamp,11,70269,12166,416
Y118-Out,YOSE,255342.6673,4219321.167,3,OverSamp,11,70650,191513,5617
Y119-Out,YOSE,286688.1549,4191389.404,1,OverSamp,10.2,70623,99684,1624
Y120-Out,YOSE,288453.5896,4207853.413,3,OverSamp,11,70494,33050,1226
Y121-Out,YOSE,277705.8041,4197194.757,2,OverSamp,7.714285714,70538,44597,860
Y122-Out,YOSE,294944.2173,4205134.81,3,OverSamp,11,70663,260039,3387
Y123-Out,YOSE,276467.8423,4163597.696,3,OverSamp,11,70456,26826,661
Y124-Out,YOSE,302373.6774,4191073.642,1,OverSamp,10.2,70554,47923,944
Y125-Out,YOSE,300536.6232,4198542.145,1,OverSamp,10.2,70621,96798,1449
Y126-Out,YOSE,284483.4566,4166950.715,2,OverSamp,7.714285714,70224,10228,500
Y127-Out,YOSE,275488.1347,4224863.186,5,OverSamp,16,70662,259040,2348
Y128-Out,YOSE,294710.49,4185004.54,3,OverSamp,11,70452,26310,625
Y129-Out,YOSE,254725.1233,4217670.949,4,OverSamp,15.75,70442,25535,1885
Y130-Out,YOSE,287443.6528,4190734.434,1,OverSamp,10.2,70549,46801,1147
Y131-Out,YOSE,285596.8004,4201279.716,2,OverSamp,7.714285714,70596,69708,1541
Y132-Out,YOSE,278212.401,4198812.548,2,OverSamp,7.714285714,70533,43263,960
Y133-Out,YOSE,291991.1165,4213734.477,3,OverSamp,11,70628,102772,1408
Y134-Out,YOSE,282025.3581,4165133.465,4,OverSamp,15.75,70367,17809,526
Y135-Out,YOSE,303910.6131,4185385.757,3,OverSamp,11,70459,26926,766
Y136-Out,YOSE,298000.7717,4185633.189,2,OverSamp,7.714285714,70489,32480,838
Y137-Out,YOSE,292884.7853,4168560.596,3,OverSamp,11,70560,49535,1011
Y138-Out,YOSE,262983.7809,4215461.033,4,OverSamp,15.75,70604,75582,1467
Y139-Out,YOSE,295532.1813,4182703.34,3,OverSamp,11,70421,22809,661
Y140-Out,YOSE,281539.7522,4211197.878,6,OverSamp,26.5,70418,22714,611
Y141-Out,YOSE,257566.2964,4219604.243,4,OverSamp,15.75,70243,10772,718
Y142-Out,YOSE,287990.7036,4188289.338,1,OverSamp,10.2,70376,18833,615
Y143-Out,YOSE,283415.2026,4212684.17,5,OverSamp,16,70578,56917,1284
Y144-Out,YOSE,280642.9914,4191820.158,1,OverSamp,10.2,70654,214623,1871
Y145-Out,YOSE,296476.8822,4213059.833,2,OverSamp,7.714285714,70342,16173,503
Y146-Out,YOSE,275169.283,4161322.811,2,OverSamp,7.714285714,70330,15462,508
Y147-Out,YOSE,272910.9891,4227990.449,3,OverSamp,11,70346,16474,837
Y148-Out,YOSE,292289.4633,4188476.201,2,OverSamp,7.714285714,70476,29251,918
Y149-Out,YOSE,285050.117,4177636.118,4,OverSamp,15.75,70252,11134,473
Y150-Out,YOSE,259367.3842,4217312.168,6,OverSamp,26.5,70349,16755,631
Y151-Out,YOSE,289960.5185,4183786.9,2,OverSamp,7.714285714,70635,112401,1838
Y152-Out,YOSE,280035.5439,4209099.443,5,OverSamp,16,70407,21865,577
Y153-Out,YOSE,276789.5399,4191256.248,2,OverSamp,7.714285714,70470,28497,789
Y154-Out,YOSE,296004.0292,4207884.364,2,OverSamp,7.714285714,70664,261038,2785
Y155-Out,YOSE,277312.0598,4167935.832,2,OverSamp,7.714285714,70482,29883,660
Y156-Out,YOSE,277303.8764,4196406.844,1,OverSamp,10.2,70513,38425,884
Y157-Out,YOSE,287828.1303,4168694.418,3,OverSamp,11,70588,63642,1741
Y158-Out,YOSE,277900.1659,4162066.752,2,OverSamp,7.714285714,70341,16124,503
Y159-Out,YOSE,297415.4592,4200763.046,2,OverSamp,7.714285714,70550,47097,835
Y160-Out,YOSE,268289.6234,4216996.741,4,OverSamp,15.75,70626,101705,1402
Y161-Out,YOSE,293640.1531,4184756.626,2,OverSamp,7.714285714,70609,80731,1287
Y162-Out,YOSE,276967.2465,4218625.409,5,OverSamp,16,70265,11844,636
Y163-Out,YOSE,282912.3979,4206047.849,6,OverSamp,26.5,70348,16736,949
Y164-Out,YOSE,297368.5559,4178260.645,6,OverSamp,26.5,70284,12915,697
Y165-Out,YOSE,252989.4216,4214678.849,3,OverSamp,11,70382,19516,933
Y166-Out,YOSE,278293.4451,4165817.265,3,OverSamp,11,70326,15376,507
Y167-Out,YOSE,297826.5861,4185056.333,2,OverSamp,7.714285714,70238,10611,517
Y168-Out,YOSE,264229.109,4211557.557,4,OverSamp,15.75,70520,40212,1932
Y169-Out,YOSE,277745.964,4213235.369,4,OverSamp,15.75,70322,14963,527
Y170-Out,YOSE,295310.8222,4172733.862,4,OverSamp,15.75,70522,40649,1152
Y171-Out,YOSE,287434.9573,4204299.856,4,OverSamp,15.75,70221,10129,574
Y172-Out,YOSE,287500.1405,4158779.875,1,OverSamp,10.2,70447,25880,1597
Y173-Out,YOSE,253293.3174,4218722.253,3,OverSamp,11,70651,195636,9960
Y174-Out,YOSE,277797.0014,4164421.067,2,OverSamp,7.714285714,70580,58656,1310
Y175-Out,YOSE,298575.1998,4182381.004,4,OverSamp,15.75,70475,29224,720
Y176-Out,YOSE,272448.6904,4214781.614,6,OverSamp,26.5,70411,22132,657
Y177-Out,YOSE,276606.0995,4213346.187,4,OverSamp,15.75,70363,17663,523
Y178-Out,YOSE,299047.2772,4175832.492,6,OverSamp,26.5,70287,12959,674
Y179-Out,YOSE,286882.9014,4161082.511,1,OverSamp,10.2,70423,22963,656
Y180-Out,YOSE,286333.2265,4197751.905,1,OverSamp,10.2,70414,22582,956
Y181-Out,YOSE,276251.3548,4160510.594,2,OverSamp,7.714285714,70572,52656,1631
Y182-Out,YOSE,295310.7306,4186858.302,2,OverSamp,7.714285714,70647,171129,1592
Y183-Out,YOSE,272647.8538,4207742.706,5,OverSamp,16,70358,17270,495
Y184-Out,YOSE,274316.5494,4202536.286,3,OverSamp,11,70319,14917,567
Y185-Out,YOSE,296945.8256,4181454.271,3,OverSamp,11,70689,33326,1120
Y186-Out,YOSE,260822.6977,4210819.303,2,OverSamp,7.714285714,70661,255068,2584
Y187-Out,YOSE,273571.1495,4165344.653,2,OverSamp,7.714285714,70257,11306,475
Y188-Out,YOSE,287596.185,4195890.205,1,OverSamp,10.2,70294,13439,488
Y189-Out,YOSE,278963.4279,4161930.731,2,OverSamp,7.714285714,70498,34084,739
